nan,니이,최,종,이자
nan,널,이
nan,예금,352-1244-7439-83,|,"350,000",KRW,3.6%,24.12.31,|,26.01.03
nan,예금,416-1241-7568-93,|,"602,418,268",KRW,2.5%,24.10.21,26.10.31,비고
nan,적금,786-7653-2796-14,"213,269",KRW,2.4%,25.12.31,26.12.31
nan,적금,127-4372-8697-58,"52,088",KRW,2.5%,24.12.31,26.12.31
nan,적금,579-6792-9206-94,"204,502",KRW,2.5%,25.10.30,27.01.31
nan,적금,401-1239-1382-69,12309,USD,2.5%,25.03.31,|,26.1231,비고
nan,적금,260-4373-4269-92,"1,294",USD,2.5%,25.03.14,|,27.0531,비고
nan,적금,972-3259-0179-35,|,"610,102,380",KRW,2.5%,25.07.19,28.12.31
nan,적금,296-9276-4926-84,"102,245",JPY,9.3%,25.04.04,|,26.1231
nan,적금,279-1092-3068-27,"208,852",USD,14.3%,24.12.31,26.10.31
nan,예적금,ㅣ,018-1230-8510-93,|,"93,209,201",KRW,|, 1.7%,2506.30,|,27.0131,비고
nan,예적금,170-4683-5204-41,"290,038,294",KRW,1.4%,25.07.31,27.12.31
nan,예적금,|, 276-2670-4393-59,1234,USD,2.196,25.10.14,|,26.0531
nan,예적금,119-3259-0832-25,"21,602",JPY,1.9%,2412.31,26.06.30
nan,예적금,ㅣ,209-3945-2035-83,19306,JPY,0.7%,25.07.30,|,26.0331,비고
nan,예적금,ㅣ,346-782-1294-63,"6,248",USD,2.196,25.04.19,|,27.0131
nan,예금,623-3522-7273-26,"20,192",KRW,2.49%,2506.30,|,27.1231,비고
적금,nan,715-2368-0843-29,|,902582,KRW,3.2%,24.10.29,|,28.1231
nan,적금,792-1438-2085-03,|,"380,204",KRW,1.1%,2512.04,|,27.0131
nan,예금,019-9248-7923-83,|,"670,204,329",KRW],2.2%,25.12.31,|,27.0930,비고
