금,액(10),이,자
담보 . 보종
대 출종류(9),약정한도액,대출금액,대출일(11),최종만기일,(12),연이자율,(13),최종이자,지급일,상환방법,(15),및  관련약정,(16)
(14)
단기,0OOOOO,"1,000,000",23.12.31,26.12.31,1.396,24.12.31,만기일시
털#,"1,60D,0OD,00O",9OOOOO,"1,0OD,00O,00O","900,000",19.10.31,24.05.31,26.12.31,26.12.31,1.7%6,1.396,24.1231,24.12.31,만기일시,만기일시,비고
"542,943","542,943",23.12.31,26.12.31,1.396,25.05.31,만기일시
단기,"1,000,000","1,000,000",18.06.07,26.12.31,1.396,24.1231,원리금상환
단기,"1,700,000","1,700,000",25.02.07,26.12.31,1.896,24.1231,만기일시,비고
단기,"1,600,000","1,60D,000",24.12.31,26.12.31,1.396,25.03.31,원리금상환,비고
장기,"1O,00D,OOO","10,000,000",24.12.31,27.05.31,1.396,2501.31,만기일시
"958,285","958,285",24.05.09,28.12.31,1.396,24.12.31,만기일시
"205,920","205,920",21.1231,28.09.30,1.396,24.1231,만기일시
"1,000.000","1,0OD,0O",21.1231,29.12.31,3.1%,24.1231,원리금상환,비고
톱,"16,CD,OOD","18,CD,COD","16000,000","18,000,000",22.12.31,24.03.31,29.10.31,29.05.09,1.396,1.396,24.12.31,25.05.31,원리금상환,만기일시
21500.000,"10,000,000",22.03.31,29.0320,1.896,24.12.31,만기일시
"2,050,029",25.050.029,21.1031,29.1231,1.396,24.12.31,만기일시,비고
"90,825,582",23.05.31,29.1231,1.396,25.0331,원리금상환
"10,825525","10,825,525",19.12.31,29.12.31,1.896,25.03.31,만기일시,비고
